Workbook

Sheet Synthèse
A1: Original | C1: Adaptatif | J1: Serie | Q1: Film
A2: Size | C2: Queue | D2: Title | E2: VMAF | F2: Score | G2: Size | H2: Processing | J2: Queue | K2: Title | L2: VMAF | M2: Score | N2: Size | O2: Processing | Q2: Queue | R2: Title | S2: VMAF | T2: Score | U2: Size | V2: Processing
A3: 101.77 | C3: 1/102 | D3: Halo Infinite 2026-02-12 17-53-53_av1_1080 | E3: 93.72 | F3: Excellent | G3: {=INDEX(Adaptatif!C:C, MATCH("*" & D3 & "*", Adaptatif!B:B, 0))} -> 23.69 | H3: 0.00030092593 | J3: [1/102] | K3: Halo Infinite 2026-02-12 17-53-53_av1_1080 | L3: 89.15 | M3: Très bon | N3: {=INDEX(Serie!C:C, MATCH("*" & D3 & "*", Serie!B:B, 0))} -> 11.04 | O3: 0.00030092593 | Q3: 1/102 | R3: Halo Infinite 2026-02-12 17-53-53_av1_1080 | S3: 91.32 | T3: Excellent | U3: {=INDEX(Film!C:C, MATCH("*" & D3 & "*", Film!B:B, 0))} -> 13.82 | V3: 0.00033564815
A4: 101.72 | C4: 3/102 | D4: Halo Infinite 2026-02-09 18-16-31_av1_1080 | E4: 96.17 | F4: Excellent | G4: {=INDEX(Adaptatif!C:C, MATCH("*" & D4 & "*", Adaptatif!B:B, 0))} -> 25.33 | H4: 0.00030092593 | J4: [2/102] | K4: Halo Infinite 2026-02-09 21-58-56_av1_1080 | L4: 89.71 | M4: Très bon | N4: {=INDEX(Serie!C:C, MATCH("*" & D4 & "*", Serie!B:B, 0))} -> 11.27 | O4: 0.00030092593 | Q4: 2/102 | R4: Halo Infinite 2026-02-09 21-58-56_av1_1080 | S4: 91.99 | T4: Excellent | U4: {=INDEX(Film!C:C, MATCH("*" & D4 & "*", Film!B:B, 0))} -> 14.73 | V4: 0.00033564815
A5: 101.6 | C5: 2/102 | D5: Halo Infinite 2026-02-09 21-58-56_av1_1080 | E5: 94.51 | F5: Excellent | G5: {=INDEX(Adaptatif!C:C, MATCH("*" & D5 & "*", Adaptatif!B:B, 0))} -> 25.22 | H5: 0.00030092593 | J5: [3/102] | K5: Halo Infinite 2026-02-09 18-16-31_av1_1080 | L5: 92.09 | M5: Excellent | N5: {=INDEX(Serie!C:C, MATCH("*" & D5 & "*", Serie!B:B, 0))} -> 10.89 | O5: 0.0003125 | Q5: 3/102 | R5: Halo Infinite 2026-02-09 18-16-31_av1_1080 | S5: 93.80 | T5: Excellent | U5: {=INDEX(Film!C:C, MATCH("*" & D5 & "*", Film!B:B, 0))} -> 14.41 | V5: 0.00034722222
A6: 101.59 | C6: 4/102 | D6: Halo Infinite 2026-02-18 15-21-13_av1_1080 | E6: 82.02 | F6: Très bon | G6: {=INDEX(Adaptatif!C:C, MATCH("*" & D6 & "*", Adaptatif!B:B, 0))} -> 26.33 | H6: 0.00030092593 | J6: [4/102] | K6: Halo Infinite 2026-02-18 15-21-13_av1_1080 | L6: 79.41 | M6: Bon | N6: {=INDEX(Serie!C:C, MATCH("*" & D6 & "*", Serie!B:B, 0))} -> 11.41 | O6: 0.00030092593 | Q6: 4/102 | R6: Halo Infinite 2026-02-18 15-21-13_av1_1080 | S6: 80.78 | T6: Très bon | U6: {=INDEX(Film!C:C, MATCH("*" & D6 & "*", Film!B:B, 0))} -> 14.96 | V6: 0.00033564815
A7: 101.48 | C7: 5/102 | D7: Halo Infinite 2026-02-09 18-24-17_av1_1080 | E7: 82.00 | F7: Très bon | G7: {=INDEX(Adaptatif!C:C, MATCH("*" & D7 & "*", Adaptatif!B:B, 0))} -> 22.83 | H7: 0.00030092593 | J7: [5/102] | K7: Halo Infinite 2026-02-09 18-24-17_av1_1080 | L7: 80.83 | M7: Très bon | N7: {=INDEX(Serie!C:C, MATCH("*" & D7 & "*", Serie!B:B, 0))} -> 11.53 | O7: 0.00030092593 | Q7: 5/102 | R7: Halo Infinite 2026-02-09 18-24-17_av1_1080 | S7: 81.46 | T7: Très bon | U7: {=INDEX(Film!C:C, MATCH("*" & D7 & "*", Film!B:B, 0))} -> 14.75 | V7: 0.00033564815
A8: 101.45 | C8: 6/102 | D8: Halo Infinite 2026-02-03 17-35-51_av1_1080 | E8: 72.57 | F8: Bon | G8: {=INDEX(Adaptatif!C:C, MATCH("*" & D8 & "*", Adaptatif!B:B, 0))} -> 26.86 | H8: 0.0003125 | J8: [6/102] | K8: Halo Infinite 2026-02-03 17-35-51_av1_1080 | L8: 70.15 | M8: Bon | N8: {=INDEX(Serie!C:C, MATCH("*" & D8 & "*", Serie!B:B, 0))} -> 10.83 | O8: 0.0003125 | Q8: 6/102 | R8: Halo Infinite 2026-02-03 17-35-51_av1_1080 | S8: 71.21 | T8: Bon | U8: {=INDEX(Film!C:C, MATCH("*" & D8 & "*", Film!B:B, 0))} -> 14.23 | V8: 0.00033564815
A9: 101.44 | C9: 7/102 | D9: Halo Infinite 2026-01-26 19-54-49_av1_1080 | E9: 95.07 | F9: Excellent | G9: {=INDEX(Adaptatif!C:C, MATCH("*" & D9 & "*", Adaptatif!B:B, 0))} -> 25.04 | H9: 0.0003125 | J9: [7/102] | K9: Halo Infinite 2026-01-26 19-54-49_av1_1080 | L9: 90.66 | M9: Excellent | N9: {=INDEX(Serie!C:C, MATCH("*" & D9 & "*", Serie!B:B, 0))} -> 10.98 | O9: 0.00030092593 | Q9: 7/102 | R9: Halo Infinite 2026-01-26 19-54-49_av1_1080 | S9: 93.01 | T9: Excellent | U9: {=INDEX(Film!C:C, MATCH("*" & D9 & "*", Film!B:B, 0))} -> 14.6 | V9: 0.00034722222
A10: 101.42 | C10: 8/102 | D10: Halo Infinite 2026-02-15 20-20-54_av1_1080 | E10: 95.12 | F10: Excellent | G10: {=INDEX(Adaptatif!C:C, MATCH("*" & D10 & "*", Adaptatif!B:B, 0))} -> 23.61 | H10: 0.00033564815 | J10: [8/102] | K10: Halo Infinite 2026-02-15 20-20-54_av1_1080 | L10: 91.39 | M10: Excellent | N10: {=INDEX(Serie!C:C, MATCH("*" & D10 & "*", Serie!B:B, 0))} -> 11.02 | O10: 0.00030092593 | Q10: 8/102 | R10: Halo Infinite 2026-02-15 20-20-54_av1_1080 | S10: 92.25 | T10: Excellent | U10: {=INDEX(Film!C:C, MATCH("*" & D10 & "*", Film!B:B, 0))} -> 13.53 | V10: 0.0003587963
A11: 101.25 | C11: 9/102 | D11: Halo Infinite 2026-02-12 17-20-08_av1_1080 | E11: 95.63 | F11: Excellent | G11: {=INDEX(Adaptatif!C:C, MATCH("*" & D11 & "*", Adaptatif!B:B, 0))} -> 26.8 | H11: 0.00033564815 | J11: [9/102] | K11: Halo Infinite 2026-02-12 17-20-08_av1_1080 | L11: 91.47 | M11: Excellent | N11: {=INDEX(Serie!C:C, MATCH("*" & D11 & "*", Serie!B:B, 0))} -> 11.23 | O11: 0.00030092593 | Q11: 9/102 | R11: Halo Infinite 2026-02-12 17-20-08_av1_1080 | S11: 93.23 | T11: Excellent | U11: {=INDEX(Film!C:C, MATCH("*" & D11 & "*", Film!B:B, 0))} -> 14.84 | V11: 0.00033564815
A12: 101.22 | C12: 10/102 | D12: Halo Infinite 2026-02-12 18-01-21_av1_1080 | E12: 90.65 | F12: Excellent | G12: {=INDEX(Adaptatif!C:C, MATCH("*" & D12 & "*", Adaptatif!B:B, 0))} -> 26.29 | H12: 0.00032407407 | J12: [10/102] | K12: Halo Infinite 2026-02-12 18-01-21_av1_1080 | L12: 84.09 | M12: Très bon | N12: {=INDEX(Serie!C:C, MATCH("*" & D12 & "*", Serie!B:B, 0))} -> 10.7 | O12: 0.00030092593 | Q12: 10/102 | R12: Halo Infinite 2026-02-12 18-01-21_av1_1080 | S12: 86.06 | T12: Très bon | U12: {=INDEX(Film!C:C, MATCH("*" & D12 & "*", Film!B:B, 0))} -> 13.93 | V12: 0.00033564815
A13: 101.19 | C13: 11/102 | D13: Halo Infinite 2026-01-27 19-28-24_av1_1080 | E13: 72.99 | F13: Bon | G13: {=INDEX(Adaptatif!C:C, MATCH("*" & D13 & "*", Adaptatif!B:B, 0))} -> 33.52 | H13: 0.00013888889 | J13: [11/102] | K13: Halo Infinite 2026-01-27 19-28-24_av1_1080 | L13: 72.16 | M13: Bon | N13: {=INDEX(Serie!C:C, MATCH("*" & D13 & "*", Serie!B:B, 0))} -> 10.37 | O13: 0.00012731481 | Q13: 11/102 | R13: Halo Infinite 2026-01-27 19-28-24_av1_1080 | S13: 72.40 | T13: Bon | U13: {=INDEX(Film!C:C, MATCH("*" & D13 & "*", Film!B:B, 0))} -> 12.94 | V13: 0.00012731481
A14: 101.05 | C14: 12/102 | D14: Halo Infinite 2026-02-18 15-42-17_av1_1080 | E14: 67.04 | F14: Dégradé | G14: {=INDEX(Adaptatif!C:C, MATCH("*" & D14 & "*", Adaptatif!B:B, 0))} -> 41.34 | H14: 0.00013888889 | J14: [12/102] | K14: Halo Infinite 2026-02-18 15-42-17_av1_1080 | L14: 65.90 | M14: Dégradé | N14: {=INDEX(Serie!C:C, MATCH("*" & D14 & "*", Serie!B:B, 0))} -> 10.38 | O14: 0.00012731481 | Q14: 12/102 | R14: Halo Infinite 2026-02-18 15-42-17_av1_1080 | S14: 66.42 | T14: Dégradé | U14: {=INDEX(Film!C:C, MATCH("*" & D14 & "*", Film!B:B, 0))} -> 13.73 | V14: 0.00012731481
... A104: 20.42 | C104: 102/102 | D104: Replay 2026-03-12 23-04-37_av1_1080p_OPUS.mkv | E104: 91.96 | F104: Excellent | G104: {=INDEX(Adaptatif!C:C, MATCH("*" & D104 & "*", Adaptatif!B:B, 0))} -> 8.05 | H104: 0.00021990741 | J104: [102/102] | K104: Replay 2026-03-12 23-04-37_av1_1080p_OPUS.mkv | L104: 93.46 | M104: Excellent | N104: {=INDEX(Serie!C:C, MATCH("*" & D104 & "*", Serie!B:B, 0))} -> #N/A | O104: 0.00030092593 | Q104: 102/102 | R104: Replay 2026-03-12 23-04-37_av1_1080p_OPUS.mkv | S104: 94.68 | T104: Excellent | U104: {=INDEX(Film!C:C, MATCH("*" & D104 & "*", Film!B:B, 0))} -> #N/A | V104: 0.00024305556
A105: 19.85
A106: 9.42

Sheet Originaux
A1: # | B1: Chemin | C1: Taille (MB) | D1: Date modif
A2: 1 | B2: Halo Infinite 2026-02-12 17-53-53.mp4 | C2: 101.77 | D2: 46065.745
A3: 2 | B3: Halo Infinite 2026-02-09 21-58-56.mp4 | C3: 101.72 | D3: 46062.915
A4: 3 | B4: Halo Infinite 2026-02-09 18-16-31.mp4 | C4: 101.6 | D4: 46062.761
A5: 4 | B5: Halo Infinite 2026-02-18 15-21-13.mp4 | C5: 101.59 | D5: 46071.64
A6: 5 | B6: Halo Infinite 2026-02-09 18-24-17.mp4 | C6: 101.48 | D6: 46062.767
A7: 6 | B7: Halo Infinite 2026-02-03 17-35-51.mp4 | C7: 101.45 | D7: 46056.733
A8: 7 | B8: Halo Infinite 2026-01-26 19-54-49.mp4 | C8: 101.44 | D8: 46048.829
A9: 8 | B9: Halo Infinite 2026-02-15 20-20-54.mp4 | C9: 101.42 | D9: 46068.847
A10: 9 | B10: Halo Infinite 2026-02-12 17-20-08.mp4 | C10: 101.25 | D10: 46065.722
A11: 10 | B11: Halo Infinite 2026-02-12 18-01-21.mp4 | C11: 101.22 | D11: 46065.751
A12: 11 | B12: Halo Infinite 2026-01-27 19-28-24.mp4 | C12: 101.19 | D12: 46049.811
A13: 12 | B13: Halo Infinite 2026-02-18 15-42-17.mp4 | C13: 101.05 | D13: 46071.654
... A105: 104 | B105: Replay 2026-03-12 23-04-37.mkv | C105: 9.42 | D105: 46093.961

Sheet Adaptatif
A1: # | B1: Chemin | C1: Taille (MB) | D1: Date modif
A2: 1 | B2: Halo Infinite 2025-12-18 17-40-46_av1_1080p_OPUS.mkv | C2: 27.3 | D2: 46009.736
A3: 2 | B3: Halo Infinite 2025-12-18 21-44-52_av1_1080p_OPUS.mkv | C3: 37.03 | D3: 46009.906
A4: 3 | B4: Halo Infinite 2025-12-18 21-48-59_av1_1080p_OPUS.mkv | C4: 24.86 | D4: 46009.908
A5: 4 | B5: Halo Infinite 2025-12-18 22-43-11_av1_1080p_OPUS.mkv | C5: 17.42 | D5: 46009.947
A6: 5 | B6: Halo Infinite 2025-12-21 17-02-11_av1_1080p_OPUS.mkv | C6: 20.15 | D6: 46077.777
A7: 6 | B7: Halo Infinite 2025-12-24 18-09-03_av1_1080p_OPUS.mkv | C7: 9.18 | D7: 46077.777
A8: 7 | B8: Halo Infinite 2025-12-29 22-31-43_av1_1080p_OPUS.mkv | C8: 53.25 | D8: 46020.938
A9: 8 | B9: Halo Infinite 2025-12-29 22-34-31_av1_1080p_OPUS.mkv | C9: 46.85 | D9: 46020.94
A10: 9 | B10: Halo Infinite 2025-12-29 23-11-10_av1_1080p_OPUS.mkv | C10: 49.72 | D10: 46020.966
A11: 10 | B11: Halo Infinite 2025-12-29 23-18-19_av1_1080p_OPUS.mkv | C11: 40.01 | D11: 46020.971
A12: 11 | B12: Halo Infinite 2025-12-29 23-57-47_av1_1080p_OPUS.mkv | C12: 42.3 | D12: 46020.998
A13: 12 | B13: Halo Infinite 2026-01-02 20-21-56_av1_1080p_OPUS.mkv | C13: 49.1 | D13: 46024.848
... A102: 101 | B102: Halo Infinite 2026-04-19 17-43-35_av1_1080p_OPUS.mkv | C102: 16.89 | D102: 46135.961

Sheet Serie
A1: # | B1: Chemin | C1: Taille (MB) | D1: Date modif
A2: 1 | B2: Halo Infinite 2025-12-18 17-40-46_av1_1080p_OPUS.mkv | C2: 10.27 | D2: 46009.736
A3: 2 | B3: Halo Infinite 2025-12-18 21-44-52_av1_1080p_OPUS.mkv | C3: 10.44 | D3: 46009.906
A4: 3 | B4: Halo Infinite 2025-12-18 21-48-59_av1_1080p_OPUS.mkv | C4: 10.8 | D4: 46009.908
A5: 4 | B5: Halo Infinite 2025-12-18 22-43-11_av1_1080p_OPUS.mkv | C5: 10.33 | D5: 46009.947
A6: 5 | B6: Halo Infinite 2025-12-21 17-02-11_av1_1080p_OPUS.mkv | C6: 10.39 | D6: 46077.777
A7: 6 | B7: Halo Infinite 2025-12-24 18-09-03_av1_1080p_OPUS.mkv | C7: 9.72 | D7: 46077.777
A8: 7 | B8: Halo Infinite 2025-12-29 22-31-43_av1_1080p_OPUS.mkv | C8: 11.2 | D8: 46020.938
A9: 8 | B9: Halo Infinite 2025-12-29 22-34-31_av1_1080p_OPUS.mkv | C9: 11.17 | D9: 46020.94
A10: 9 | B10: Halo Infinite 2025-12-29 23-11-10_av1_1080p_OPUS.mkv | C10: 11.25 | D10: 46020.966
A11: 10 | B11: Halo Infinite 2025-12-29 23-18-19_av1_1080p_OPUS.mkv | C11: 11.1 | D11: 46020.971
A12: 11 | B12: Halo Infinite 2025-12-29 23-57-47_av1_1080p_OPUS.mkv | C12: 10.74 | D12: 46020.998
A13: 12 | B13: Halo Infinite 2026-01-02 20-21-56_av1_1080p_OPUS.mkv | C13: 11.19 | D13: 46024.848
... A102: 101 | B102: Halo Infinite 2026-04-19 17-43-35_av1_1080p_OPUS.mkv | C102: 9.68 | D102: 46135.961

Sheet Film
A1: # | B1: Fichier | C1: Taille (MB) | D1: Date modif
A2: 1 | B2: Halo Infinite 2025-12-18 17-40-46_av1_1080p_OPUS.mkv | C2: 12.88 | D2: 46009.736
A3: 2 | B3: Halo Infinite 2025-12-18 21-44-52_av1_1080p_OPUS.mkv | C3: 13.2 | D3: 46009.906
A4: 3 | B4: Halo Infinite 2025-12-18 21-48-59_av1_1080p_OPUS.mkv | C4: 13.2 | D4: 46009.908
A5: 4 | B5: Halo Infinite 2025-12-18 22-43-11_av1_1080p_OPUS.mkv | C5: 13.07 | D5: 46009.947
A6: 5 | B6: Halo Infinite 2025-12-21 17-02-11_av1_1080p_OPUS.mkv | C6: 13.09 | D6: 46077.777
A7: 6 | B7: Halo Infinite 2025-12-24 18-09-03_av1_1080p_OPUS.mkv | C7: 12.12 | D7: 46077.777
A8: 7 | B8: Halo Infinite 2025-12-29 22-31-43_av1_1080p_OPUS.mkv | C8: 14.12 | D8: 46020.938
A9: 8 | B9: Halo Infinite 2025-12-29 22-34-31_av1_1080p_OPUS.mkv | C9: 14.23 | D9: 46020.94
A10: 9 | B10: Halo Infinite 2025-12-29 23-11-10_av1_1080p_OPUS.mkv | C10: 14.09 | D10: 46020.966
A11: 10 | B11: Halo Infinite 2025-12-29 23-18-19_av1_1080p_OPUS.mkv | C11: 13.94 | D11: 46020.971
A12: 11 | B12: Halo Infinite 2025-12-29 23-57-47_av1_1080p_OPUS.mkv | C12: 13.51 | D12: 46020.998
A13: 12 | B13: Halo Infinite 2026-01-02 20-21-56_av1_1080p_OPUS.mkv | C13: 14.43 | D13: 46024.848
... A102: 101 | B102: Halo Infinite 2026-04-19 17-43-35_av1_1080p_OPUS.mkv | C102: 11.77 | D102: 46135.961
